onec_id,counterparty,voen,doc_no,doc_date,net_amount,vat_amount,comment
C0021,Azer Tikinti Materiallari,,ПТ-000006,2026-09-10,510.39,91.87,"Boya, 40 vedrə"
C0014,Abşeron Qida,1058847156,627116,2026-09-18,1109.03,199.63,"Qəhvə dənəli, 10 kq"
C0032,Xəzər Ofis Mebel,1230530419,MT2634463856,2026-09-15,5965.07,1073.71,"Ofis divanı, 2 əd."
C0023,BAKI KOMPÜTER MƏRKƏZI,,MT2671605924,2026-09-17,17778.99,3200.22,"Router, 2 əd."
C0036,Şirvan Logistika,1077777868,mt2627473905,2026-09-03,1929.31,347.28,"Anbar xidməti, sentyabr"
C0004,Xəzər Ofis Təchizatı,1161973069,714006,2026-09-14,37338.65,7620.96,Printer kartrici HP 85A
C0012,Xezer Ofis,,ПТ-000003,2026-09-19,8344.88,1502.08,Printer kartrici HP 85A
C0025,BAKI KOMPÜTER MƏRKƏZI,1575398922,243795,2026-09-21,2225.57,400.60,"Noutbuk Lenovo, 3 əd. (hissə)"
C0002,Azər Tikinti MMC,1347712782,687472,2026-09-05,33861.26,6095.03,"Kərpic, 3000 əd."
C0026,Bakı Kompüter Mərkəzi,1575398922,243795,2026-09-20,2993.96,538.91,"Noutbuk Lenovo, 3 əd. (hissə)"
C0016,Şirvan Logistika,1077777868,MT2688734534,2026-09-10,4833.92,870.11,Yükdaşıma Bakı-Gəncə (hissə)
C0011,Gəncə Aqro MMC,,MT 2609 318054,2026-09-14,247.26,44.51,"Toxum, 500 kq"
C0037,Qafqaz Kimya,,143690,2026-09-08,336.16,60.51,"Dezinfeksiya vasitəsi, 100 l (hissə)"
C0018,Şirvan Logistika,,mt2682188896,2026-09-18,287.59,51.77,"Anbar xidməti, sentyabr (hissə)"
C0033,Abşeron Qida,1051847156,524356,2026-09-25,30421.71,5475.91,"Qəhvə dənəli, 10 kq"
C0024,Azər Tikinti MMC,,mt2678630110,2026-09-17,1578.68,284.16,"Armatur 12mm, 2 ton"
C0005,Атлас Мебель,1101071364,ПТ-000001,2026-09-03,35197.54,6338.57,"Yazı masası, 6 əd."
C0041,Bakı Kompüter Mərkəzi,1575398922,MT 2667 169258,2026-09-03,37633.70,6774.07,"Router, 2 əd."
C0040,XƏZƏR OFIS MEBEL,,768068,2026-09-02,1465.69,238.15,"Ofis divanı, 2 əd."
C0028,Atlas Mebel,1101071364,MT2665167413,2026-09-20,32295.51,5813.19,"Şkaf, 2 əd."
C0022,Şirvan Logistika,,MT2668259211,2026-10-11,51677.12,9301.88,Yükdaşıma Bakı-Gəncə
C0007,XƏZƏR OFIS TƏCHIZATI,1161973069,MT 2650 620625,2026-09-08,27934.44,5028.20,Printer kartrici HP 85A
C0035,Xəzər Ofis Mebel,,MT 2676 353978,2026-09-29,4122.20,472.00,Konfrans masası
C0009,AZƏR TIKINTI MATERIALLARI,,MT2678693851,2026-09-19,5415.71,974.83,"Kafel, 120 m2"
C0029,AZƏR TIKINTI,1347712782,mt2633525667,2026-09-30,4360.17,784.83,"Kərpic, 3000 əd."
C0017,ŞIRVAN LOGISTIKA,,188896,2026-09-19,240.50,43.29,"Anbar xidməti, sentyabr (hissə)"
C0027,BKM,,ПТ-000007,2026-09-16,25067.05,4512.07,"Router, 2 əd."
C0003,Azər Tikinti MMC,1347712782,687472,2026-09-06,33861.26,6095.03,"Kərpic, 3000 əd."
C0015,Şirvan Logistika MMC,1077777868,MT 2688 734534,2026-09-09,10030.93,1805.57,Yükdaşıma Bakı-Gəncə (hissə)
C0010,Şəki İpək,,mt2613604913,2026-10-05,10847.48,1952.55,"Pambıq parça, 500 m"
C0001,SUMQAYIT METAL,1881836553,mt2628761259,2026-09-27,923.62,166.25,Polad boru 89mm
C0031,Xəzər Ofis Təchizatı,1161973069,MT 2605 652510,2026-09-20,6408.97,1153.61,"A4 kağız, 50 qutu"
C0006,Bakı Kompüter Mərkəzi,1575398922,mt2687961850,2026-10-12,2845.00,512.10,"Router, 2 əd."
C0020,BKM,1575398922,ПТ-000005,2026-09-01,1365.95,245.87,"Noutbuk Lenovo, 3 əd."
C0013,BEŞ,1423938499,ПТ-000004,2026-09-05,4667.80,840.20,"Elektrik enerjisi, sentyabr"
C0008,Azer Tikinti Materiallari,,ПТ-000002,2026-09-13,59391.02,10690.38,"Boya, 40 vedrə"
C0038,Qafqaz Kimya MMC,,mt2675143690,2026-09-06,272.97,49.13,"Dezinfeksiya vasitəsi, 100 l (hissə)"
C0039,GƏNCƏ AQRO,,MT2693835107,2026-09-23,52588.03,9465.85,"Gübrə, 1 ton"
C0030,Absheron Food,,ПТ-000008,2026-09-09,256.42,46.16,"Çay, 40 qutu"
C0042,Хазар Офис,,ПТ-000009,2026-09-11,44319.05,7949.28,"Ofis stulu, 10 əd."
C0034,Abşeron Qida,1051847156,524356,2026-09-26,30421.71,5475.91,"Qəhvə dənəli, 10 kq"
C0019,MINGƏÇEVIR PLAST,1062275869,128887,2026-09-08,57605.87,10369.06,"Plastik qab, 5000 əd."
