portal_id,seller_name,seller_voen,invoice_no,invoice_date,net_amount,vat_amount,item_description
P0001,"""SUMQAYIT METAL"" ASC",1881836553,MT2628761259,2026-09-27,923.62,166.25,Polad boru 89mm
P0002,"""AZƏR TIKINTI"" MMC",1347712782,MT2639687472,2026-09-04,33861.26,6095.03,"Kərpic, 3000 əd."
P0003,"""XƏZƏR OFIS TƏCHIZATI"" MMC",1161973069,MT2659714006,2026-09-14,37338.65,6720.96,Printer kartrici HP 85A
P0004,"""ATLAS MEBEL"" MMC",1101071364,MT2665538433,2026-09-03,35197.54,6335.56,"Yazı masası, 6 əd."
P0005,"""GƏNCƏ AQRO"" MMC",1392655486,MT2674935601,2026-09-20,12638.59,2274.95,"Gübrə, 1 ton"
P0006,"""BAKI KOMPÜTER MƏRKƏZI"" MMC",1575398922,MT2687961850,2026-09-25,2845.00,512.10,"Router, 2 əd."
P0007,"""XƏZƏR OFIS TƏCHIZATI"" MMC",1161973069,MT2650620625,2026-09-08,27934.44,5028.20,Printer kartrici HP 85A
P0008,"""AZƏR TIKINTI MATERIALLARI"" MMC",1544854973,MT2678693851,2026-09-18,5415.71,974.83,"Kafel, 120 m2"
P0009,"""ŞƏKI İPƏK"" ASC",1976787301,MT2613604913,2026-09-21,10847.48,1952.55,"Pambıq parça, 500 m"
P0010,"""GƏNCƏ AQRO"" MMC",1392655486,MT2609318054,2026-09-12,247.26,44.51,"Toxum, 500 kq"
P0011,"""XƏZƏR OFIS TƏCHIZATI"" MMC",1161973069,MT2610251118,2026-09-16,8344.88,1502.08,Printer kartrici HP 85A
P0012,"""ABŞERON QIDA"" MMC",1051847156,MT2699627116,2026-09-18,1109.03,199.63,"Qəhvə dənəli, 10 kq"
P0013,"""ŞIRVAN LOGISTIKA"" MMC",1077777868,MT2688734534,2026-09-09,14864.85,2675.67,Yükdaşıma Bakı-Gəncə
P0014,"""ŞIRVAN LOGISTIKA"" MMC",1077777868,MT2682188896,2026-09-16,528.09,95.06,"Anbar xidməti, sentyabr"
P0015,"""MINGƏÇEVIR PLAST"" MMC",1062275869,MT2616128887,2026-09-06,57605.87,10369.06,"Plastik qab, 5000 əd."
P0016,"""AZƏR TIKINTI MATERIALLARI"" MMC",1544854973,MT2697714923,2026-09-10,510.39,91.87,"Boya, 40 vedrə"
P0017,"""ŞIRVAN LOGISTIKA"" MMC",1077777868,MT2668259211,2026-09-27,51677.12,9301.88,Yükdaşıma Bakı-Gəncə
P0018,"""BAKI KOMPÜTER MƏRKƏZI"" MMC",1575398922,MT2671605924,2026-09-17,17778.99,3200.22,"Router, 2 əd."
P0019,"""AZƏR TIKINTI"" MMC",1347712782,MT2678630110,2026-09-15,1578.68,284.16,"Armatur 12mm, 2 ton"
P0020,"""BAKI KOMPÜTER MƏRKƏZI"" MMC",1575398922,MT2657243795,2026-09-18,5219.53,939.52,"Noutbuk Lenovo, 3 əd."
P0021,"""XƏZƏR OFIS MEBEL"" MMC",1230530419,MT2617590456,2026-09-05,14213.56,2558.44,Konfrans masası
P0022,"""BAKI KOMPÜTER MƏRKƏZI"" MMC",1575398922,MT2651455589,2026-09-14,25067.05,4512.07,"Router, 2 əd."
P0023,"""ATLAS MEBEL"" MMC",1101071364,MT2665167413,2026-09-20,32295.51,5813.19,"Şkaf, 2 əd."
P0024,"""AZƏR TIKINTI"" MMC",1347712782,MT2633525667,2026-09-28,4360.17,784.83,"Kərpic, 3000 əd."
P0025,"""ABŞERON QIDA"" MMC",1051847156,MT2681192868,2026-09-09,256.42,46.16,"Çay, 40 qutu"
P0026,"""XƏZƏR OFIS TƏCHIZATI"" MMC",1161973069,MT2605652510,2026-09-20,6408.97,1153.61,"A4 kağız, 50 qutu"
P0027,"""XƏZƏR OFIS MEBEL"" MMC",1230530419,MT2634463856,2026-09-15,5965.07,1073.71,"Ofis divanı, 2 əd."
P0028,"""ATLAS MEBEL"" MMC",1101071364,MT2684619046,2026-09-04,8685.05,1563.31,"Şkaf, 2 əd."
P0029,"""ABŞERON QIDA"" MMC",1051847156,MT2617524356,2026-09-24,30421.71,5475.91,"Qəhvə dənəli, 10 kq"
P0030,"""XƏZƏR OFIS MEBEL"" MMC",1230530419,MT2676353978,2026-09-28,4122.20,742.00,Konfrans masası
P0031,"""ŞIRVAN LOGISTIKA"" MMC",1077777868,MT2627473905,2026-09-02,1929.31,347.28,"Anbar xidməti, sentyabr"
P0032,"""QAFQAZ KIMYA"" MMC",1698935572,MT2675143690,2026-09-05,609.13,109.64,"Dezinfeksiya vasitəsi, 100 l"
P0033,"""GƏNCƏ AQRO"" MMC",1392655486,MT2693835107,2026-09-21,52588.03,9465.85,"Gübrə, 1 ton"
P0034,"""XƏZƏR OFIS MEBEL"" MMC",1230530419,MT2617768068,2026-09-01,1465.69,263.82,"Ofis divanı, 2 əd."
P0035,"""BAKI KOMPÜTER MƏRKƏZI"" MMC",1575398922,MT2667169258,2026-09-03,37633.70,6774.07,"Router, 2 əd."
P0036,"""QAFQAZ KIMYA"" MMC",1698935572,MT2687401275,2026-09-03,10449.12,1880.84,"Dezinfeksiya vasitəsi, 100 l"
P0037,"""XƏZƏR OFIS TƏCHIZATI"" MMC",1161973069,MT2672239923,2026-09-10,44319.05,7977.43,"Ofis stulu, 10 əd."
