record_id,side,label,partners,case_type,case_id
P0001,portal,AMOUNT_MISMATCH,C0001,amount_mismatch,K001
C0001,onec,AMOUNT_MISMATCH,P0001,amount_mismatch,K001
P0002,portal,OK,C0002,clean_hard_alias,K002
C0002,onec,OK,P0002,clean_hard_alias,K002
P0003,portal,AMOUNT_MISMATCH,C0003,amount_mismatch,K003
C0003,onec,AMOUNT_MISMATCH,P0003,amount_mismatch,K003
C0004,onec,MISSING_IN_PORTAL,,missing_in_portal,K004
P0004,portal,AMOUNT_MISMATCH,C0005,amount_mismatch,K005
C0005,onec,AMOUNT_MISMATCH,P0004,amount_mismatch,K005
P0005,portal,OK,C0006,clean_easy,K006
C0006,onec,OK,P0005,clean_easy,K006
P0006,portal,AMOUNT_MISMATCH,C0007,amount_mismatch,K007
C0007,onec,AMOUNT_MISMATCH,P0006,amount_mismatch,K007
P0007,portal,OK,C0008,clean_easy,K008
C0008,onec,OK,P0007,clean_easy,K008
P0008,portal,OK,C0009,clean_hard_alias,K009
C0009,onec,OK,P0008,clean_hard_alias,K009
P0009,portal,OK,C0010,clean_easy,K010
C0010,onec,OK,P0009,clean_easy,K010
P0010,portal,OK,C0011,clean_easy,K011
C0011,onec,OK,P0010,clean_easy,K011
P0011,portal,PERIOD_MISMATCH,C0012,period_mismatch,K012
C0012,onec,PERIOD_MISMATCH,P0011,period_mismatch,K012
P0012,portal,OK,C0013,clean_easy,K013
C0013,onec,OK,P0012,clean_easy,K013
P0013,portal,PERIOD_MISMATCH,C0014,period_mismatch,K014
C0014,onec,PERIOD_MISMATCH,P0013,period_mismatch,K014
P0014,portal,OK,C0015,clean_easy,K015
C0015,onec,OK,P0014,clean_easy,K015
P0015,portal,OK,C0016,clean_easy,K016
C0016,onec,OK,P0015,clean_easy,K016
P0016,portal,OK,C0017,clean_easy,K017
C0017,onec,OK,P0016,clean_easy,K017
P0017,portal,OK,C0018,clean_hard_alias,K018
C0018,onec,OK,P0017,clean_hard_alias,K018
P0018,portal,OK,C0019,clean_hard_alias,K019
C0019,onec,OK,P0018,clean_hard_alias,K019
P0019,portal,OK,C0020,clean_easy,K020
C0020,onec,OK,P0019,clean_easy,K020
P0020,portal,PERIOD_MISMATCH,C0021,period_mismatch,K021
C0021,onec,PERIOD_MISMATCH,P0020,period_mismatch,K021
P0021,portal,OK,C0022,clean_easy,K022
C0022,onec,OK,P0021,clean_easy,K022
P0022,portal,OK,C0023,clean_easy,K023
C0023,onec,OK,P0022,clean_easy,K023
P0023,portal,OK,C0024,clean_easy,K024
C0024,onec,OK,P0023,clean_easy,K024
P0024,portal,VOEN_MISMATCH,C0025,voen_error,K025
C0025,onec,VOEN_MISMATCH,P0024,voen_error,K025
P0025,portal,MISSING_IN_1C,,missing_in_1c,K026
P0026,portal,OK,C0026;C0027,split,K027
C0026,onec,OK,P0026,split,K027
C0027,onec,OK,P0026,split,K027
P0027,portal,OK,C0028,clean_easy,K028
C0028,onec,OK,P0027,clean_easy,K028
P0028,portal,OK,C0029,clean_hard_alias,K029
C0029,onec,OK,P0028,clean_hard_alias,K029
P0029,portal,VOEN_MISMATCH,C0030,voen_error,K030
C0030,onec,VOEN_MISMATCH,P0029,voen_error,K030
P0030,portal,AMOUNT_MISMATCH,C0031,amount_mismatch,K031
C0031,onec,AMOUNT_MISMATCH,P0030,amount_mismatch,K031
P0031,portal,MISSING_IN_1C,,missing_in_1c,K032
P0032,portal,OK,C0032,clean_hard_alias,K033
C0032,onec,OK,P0032,clean_hard_alias,K033
P0033,portal,OK,C0033,clean_easy,K034
C0033,onec,OK,P0033,clean_easy,K034
P0034,portal,AMOUNT_MISMATCH,C0034,amount_mismatch,K035
C0034,onec,AMOUNT_MISMATCH,P0034,amount_mismatch,K035
P0035,portal,VOEN_MISMATCH,C0035,voen_error,K036
C0035,onec,VOEN_MISMATCH,P0035,voen_error,K036
P0036,portal,OK,C0036,clean_easy,K037
C0036,onec,OK,P0036,clean_easy,K037
P0037,portal,MISSING_IN_1C,,missing_in_1c,K038
P0038,portal,OK,C0037,clean_hard_alias,K039
C0037,onec,OK,P0038,clean_hard_alias,K039
C0038,onec,MISSING_IN_PORTAL,,missing_in_portal,K040
P0039,portal,OK,C0039,clean_easy,K041
C0039,onec,OK,P0039,clean_easy,K041
P0040,portal,OK,C0040,clean_easy,K042
C0040,onec,OK,P0040,clean_easy,K042
P0041,portal,OK,C0041,clean_easy,K043
C0041,onec,OK,P0041,clean_easy,K043
P0042,portal,MISSING_IN_1C,,missing_in_1c,K044
P0043,portal,OK,C0042;C0043,split,K045
C0042,onec,OK,P0043,split,K045
C0043,onec,OK,P0043,split,K045
C0044,onec,MISSING_IN_PORTAL,,missing_in_portal,K046
P0044,portal,OK,C0045,clean_hard_alias,K047
C0045,onec,OK,P0044,clean_hard_alias,K047
P0045,portal,VOEN_MISMATCH,C0046,voen_error,K048
C0046,onec,VOEN_MISMATCH,P0045,voen_error,K048
P0046,portal,OK,C0047,duplicate_1c,K049
C0047,onec,OK,P0046,duplicate_1c,K049
C0048,onec,DUPLICATE_IN_1C,C0047,duplicate_1c,K049
P0047,portal,MISSING_IN_1C,,missing_in_1c,K050
P0048,portal,VOEN_MISMATCH,C0049,voen_error,K051
C0049,onec,VOEN_MISMATCH,P0048,voen_error,K051
P0049,portal,PERIOD_MISMATCH,C0050,period_mismatch,K052
C0050,onec,PERIOD_MISMATCH,P0049,period_mismatch,K052
P0050,portal,OK,C0051,clean_easy,K053
C0051,onec,OK,P0050,clean_easy,K053
P0051,portal,OK,C0052,duplicate_1c,K054
C0052,onec,OK,P0051,duplicate_1c,K054
C0053,onec,DUPLICATE_IN_1C,C0052,duplicate_1c,K054
P0052,portal,OK,C0054;C0055,split,K055
C0054,onec,OK,P0052,split,K055
C0055,onec,OK,P0052,split,K055
P0053,portal,PERIOD_MISMATCH,C0056,period_mismatch,K056
C0056,onec,PERIOD_MISMATCH,P0053,period_mismatch,K056
P0054,portal,OK,C0057,clean_easy,K057
C0057,onec,OK,P0054,clean_easy,K057
P0055,portal,OK,C0058,clean_easy,K058
C0058,onec,OK,P0055,clean_easy,K058
P0056,portal,OK,C0059,clean_hard_alias,K059
C0059,onec,OK,P0056,clean_hard_alias,K059
P0057,portal,OK,C0060,clean_easy,K060
C0060,onec,OK,P0057,clean_easy,K060
P0058,portal,OK,C0061,clean_easy,K061
C0061,onec,OK,P0058,clean_easy,K061
P0059,portal,OK,C0062,clean_hard_alias,K062
C0062,onec,OK,P0059,clean_hard_alias,K062
P0060,portal,OK,C0063,duplicate_1c,K063
C0063,onec,OK,P0060,duplicate_1c,K063
C0064,onec,DUPLICATE_IN_1C,C0063,duplicate_1c,K063
C0065,onec,MISSING_IN_PORTAL,,missing_in_portal,K064
P0061,portal,OK,C0066,clean_hard_alias,K065
C0066,onec,OK,P0061,clean_hard_alias,K065
P0062,portal,OK,C0067,duplicate_1c,K066
C0067,onec,OK,P0062,duplicate_1c,K066
C0068,onec,DUPLICATE_IN_1C,C0067,duplicate_1c,K066
P0063,portal,OK,C0069,clean_hard_alias,K067
C0069,onec,OK,P0063,clean_hard_alias,K067
P0064,portal,OK,C0070,duplicate_1c,K068
C0070,onec,OK,P0064,duplicate_1c,K068
C0071,onec,DUPLICATE_IN_1C,C0070,duplicate_1c,K068
P0065,portal,OK,C0072,clean_hard_alias,K069
C0072,onec,OK,P0065,clean_hard_alias,K069
P0066,portal,OK,C0073,clean_hard_alias,K070
C0073,onec,OK,P0066,clean_hard_alias,K070
P0067,portal,OK,C0074,clean_easy,K071
C0074,onec,OK,P0067,clean_easy,K071
P0068,portal,OK,C0075,clean_easy,K072
C0075,onec,OK,P0068,clean_easy,K072
P0069,portal,OK,C0076,clean_hard_alias,K073
C0076,onec,OK,P0069,clean_hard_alias,K073
P0070,portal,OK,C0077,clean_easy,K074
C0077,onec,OK,P0070,clean_easy,K074
P0071,portal,AMOUNT_MISMATCH,C0078,amount_mismatch,K075
C0078,onec,AMOUNT_MISMATCH,P0071,amount_mismatch,K075
P0072,portal,MISSING_IN_1C,,missing_in_1c,K076
P0073,portal,OK,C0079,clean_easy,K077
C0079,onec,OK,P0073,clean_easy,K077
P0074,portal,OK,C0080,clean_easy,K078
C0080,onec,OK,P0074,clean_easy,K078
P0075,portal,OK,C0081,clean_easy,K079
C0081,onec,OK,P0075,clean_easy,K079
P0076,portal,AMOUNT_MISMATCH,C0082,amount_mismatch,K080
C0082,onec,AMOUNT_MISMATCH,P0076,amount_mismatch,K080
P0077,portal,OK,C0083,duplicate_1c,K081
C0083,onec,OK,P0077,duplicate_1c,K081
C0084,onec,DUPLICATE_IN_1C,C0083,duplicate_1c,K081
P0078,portal,OK,C0085,clean_easy,K082
C0085,onec,OK,P0078,clean_easy,K082
P0079,portal,OK,C0086,clean_easy,K083
C0086,onec,OK,P0079,clean_easy,K083
P0080,portal,OK,C0087;C0088,split,K084
C0087,onec,OK,P0080,split,K084
C0088,onec,OK,P0080,split,K084
P0081,portal,VOEN_MISMATCH,C0089,voen_error,K085
C0089,onec,VOEN_MISMATCH,P0081,voen_error,K085
P0082,portal,OK,C0090;C0091,split,K086
C0090,onec,OK,P0082,split,K086
C0091,onec,OK,P0082,split,K086
P0083,portal,VOEN_MISMATCH,C0092,voen_error,K087
C0092,onec,VOEN_MISMATCH,P0083,voen_error,K087
P0084,portal,OK,C0093,clean_easy,K088
C0093,onec,OK,P0084,clean_easy,K088
P0085,portal,OK,C0094;C0095,split,K089
C0094,onec,OK,P0085,split,K089
C0095,onec,OK,P0085,split,K089
P0086,portal,VOEN_MISMATCH,C0096,voen_error,K090
C0096,onec,VOEN_MISMATCH,P0086,voen_error,K090
P0087,portal,OK,C0097,clean_hard_alias,K091
C0097,onec,OK,P0087,clean_hard_alias,K091
P0088,portal,OK,C0098,clean_easy,K092
C0098,onec,OK,P0088,clean_easy,K092
P0089,portal,VOEN_MISMATCH,C0099,voen_error,K093
C0099,onec,VOEN_MISMATCH,P0089,voen_error,K093
P0090,portal,OK,C0100,clean_easy,K094
C0100,onec,OK,P0090,clean_easy,K094
P0091,portal,OK,C0101,clean_hard_alias,K095
C0101,onec,OK,P0091,clean_hard_alias,K095
C0102,onec,MISSING_IN_PORTAL,,missing_in_portal,K096
P0092,portal,OK,C0103;C0104,split,K097
C0103,onec,OK,P0092,split,K097
C0104,onec,OK,P0092,split,K097
P0093,portal,OK,C0105;C0106,split,K098
C0105,onec,OK,P0093,split,K098
C0106,onec,OK,P0093,split,K098
P0094,portal,OK,C0107,clean_hard_alias,K099
C0107,onec,OK,P0094,clean_hard_alias,K099
P0095,portal,OK,C0108,clean_hard_alias,K100
C0108,onec,OK,P0095,clean_hard_alias,K100
P0096,portal,OK,C0109;C0110,split,K101
C0109,onec,OK,P0096,split,K101
C0110,onec,OK,P0096,split,K101
P0097,portal,AMOUNT_MISMATCH,C0111,amount_mismatch,K102
C0111,onec,AMOUNT_MISMATCH,P0097,amount_mismatch,K102
P0098,portal,AMOUNT_MISMATCH,C0112,amount_mismatch,K103
C0112,onec,AMOUNT_MISMATCH,P0098,amount_mismatch,K103
P0099,portal,OK,C0113,clean_hard_alias,K104
C0113,onec,OK,P0099,clean_hard_alias,K104
P0100,portal,VOEN_MISMATCH,C0114,voen_error,K105
C0114,onec,VOEN_MISMATCH,P0100,voen_error,K105
P0101,portal,MISSING_IN_1C,,missing_in_1c,K106
P0102,portal,OK,C0115;C0116,split,K107
C0115,onec,OK,P0102,split,K107
C0116,onec,OK,P0102,split,K107
P0103,portal,OK,C0117,clean_easy,K108
C0117,onec,OK,P0103,clean_easy,K108
P0104,portal,OK,C0118,duplicate_1c,K109
C0118,onec,OK,P0104,duplicate_1c,K109
C0119,onec,DUPLICATE_IN_1C,C0118,duplicate_1c,K109
P0105,portal,MISSING_IN_1C,,missing_in_1c,K110
P0106,portal,MISSING_IN_1C,,missing_in_1c,K111
P0107,portal,OK,C0120,clean_easy,K112
C0120,onec,OK,P0107,clean_easy,K112
P0108,portal,OK,C0121,duplicate_1c,K113
C0121,onec,OK,P0108,duplicate_1c,K113
C0122,onec,DUPLICATE_IN_1C,C0121,duplicate_1c,K113
P0109,portal,OK,C0123,clean_hard_alias,K114
C0123,onec,OK,P0109,clean_hard_alias,K114
P0110,portal,OK,C0124,duplicate_1c,K115
C0124,onec,OK,P0110,duplicate_1c,K115
C0125,onec,DUPLICATE_IN_1C,C0124,duplicate_1c,K115
P0111,portal,OK,C0126,clean_hard_alias,K116
C0126,onec,OK,P0111,clean_hard_alias,K116
P0112,portal,OK,C0127,clean_hard_alias,K117
C0127,onec,OK,P0112,clean_hard_alias,K117
P0113,portal,OK,C0128,clean_easy,K118
C0128,onec,OK,P0113,clean_easy,K118
P0114,portal,OK,C0129,clean_hard_alias,K119
C0129,onec,OK,P0114,clean_hard_alias,K119
P0115,portal,OK,C0130,duplicate_1c,K120
C0130,onec,OK,P0115,duplicate_1c,K120
C0131,onec,DUPLICATE_IN_1C,C0130,duplicate_1c,K120
P0116,portal,VOEN_MISMATCH,C0132,voen_error,K121
C0132,onec,VOEN_MISMATCH,P0116,voen_error,K121
P0117,portal,OK,C0133,clean_easy,K122
C0133,onec,OK,P0117,clean_easy,K122
P0118,portal,MISSING_IN_1C,,missing_in_1c,K123
P0119,portal,VOEN_MISMATCH,C0134,voen_error,K124
C0134,onec,VOEN_MISMATCH,P0119,voen_error,K124
C0135,onec,MISSING_IN_PORTAL,,missing_in_portal,K125
P0120,portal,OK,C0136,clean_hard_alias,K126
C0136,onec,OK,P0120,clean_hard_alias,K126
P0121,portal,OK,C0137;C0138,split,K127
C0137,onec,OK,P0121,split,K127
C0138,onec,OK,P0121,split,K127
P0122,portal,OK,C0139;C0140,split,K128
C0139,onec,OK,P0122,split,K128
C0140,onec,OK,P0122,split,K128
P0123,portal,OK,C0141;C0142,split,K129
C0141,onec,OK,P0123,split,K129
C0142,onec,OK,P0123,split,K129
P0124,portal,AMOUNT_MISMATCH,C0143,amount_mismatch,K130
C0143,onec,AMOUNT_MISMATCH,P0124,amount_mismatch,K130
P0125,portal,OK,C0144,clean_hard_alias,K131
C0144,onec,OK,P0125,clean_hard_alias,K131
P0126,portal,MISSING_IN_1C,,missing_in_1c,K132
P0127,portal,AMOUNT_MISMATCH,C0145,amount_mismatch,K133
C0145,onec,AMOUNT_MISMATCH,P0127,amount_mismatch,K133
P0128,portal,OK,C0146,clean_hard_alias,K134
C0146,onec,OK,P0128,clean_hard_alias,K134
P0129,portal,OK,C0147,clean_easy,K135
C0147,onec,OK,P0129,clean_easy,K135
P0130,portal,VOEN_MISMATCH,C0148,voen_error,K136
C0148,onec,VOEN_MISMATCH,P0130,voen_error,K136
P0131,portal,AMOUNT_MISMATCH,C0149,amount_mismatch,K137
C0149,onec,AMOUNT_MISMATCH,P0131,amount_mismatch,K137
P0132,portal,OK,C0150;C0151,split,K138
C0150,onec,OK,P0132,split,K138
C0151,onec,OK,P0132,split,K138
P0133,portal,OK,C0152,clean_hard_alias,K139
C0152,onec,OK,P0133,clean_hard_alias,K139
P0134,portal,OK,C0153,clean_hard_alias,K140
C0153,onec,OK,P0134,clean_hard_alias,K140
P0135,portal,OK,C0154,clean_easy,K141
C0154,onec,OK,P0135,clean_easy,K141
P0136,portal,AMOUNT_MISMATCH,C0155,amount_mismatch,K142
C0155,onec,AMOUNT_MISMATCH,P0136,amount_mismatch,K142
P0137,portal,OK,C0156,clean_easy,K143
C0156,onec,OK,P0137,clean_easy,K143
P0138,portal,OK,C0157,clean_easy,K144
C0157,onec,OK,P0138,clean_easy,K144
P0139,portal,OK,C0158,clean_hard_alias,K145
C0158,onec,OK,P0139,clean_hard_alias,K145
P0140,portal,MISSING_IN_1C,,missing_in_1c,K146
P0141,portal,OK,C0159,clean_easy,K147
C0159,onec,OK,P0141,clean_easy,K147
P0142,portal,OK,C0160,clean_easy,K148
C0160,onec,OK,P0142,clean_easy,K148
P0143,portal,OK,C0161;C0162,split,K149
C0161,onec,OK,P0143,split,K149
C0162,onec,OK,P0143,split,K149
P0144,portal,OK,C0163,clean_hard_alias,K150
C0163,onec,OK,P0144,clean_hard_alias,K150
